{"C": {"C": {"Aromatic": 1.392436664009756,
             "Double": 1.3375230271821612,
             "Single": 1.5195687462788794,
             "Triple": 1.2036972901967695},
       "F": {"Single": 1.3323564876665372},
       "H": {"Single": 1.092246993941531},
       "N": {"Aromatic": 1.354902056660857,
             "Double": 1.2676062881974597,
             "Single": 1.450547001695266,
             "Triple": 1.1562054660801022},
       "O": {"Aromatic": 1.3685378281262763,
             "Double": 1.2051262366768827,
             "Single": 1.414984476526627}},
 "H": {"N": {"Single": 1.0124911844368307},
       "O": {"Single": 0.9652367020568333}},
 "N": {"N": {"Aromatic": 1.3287346110340958,
             "Double": 1.272987809873698,
             "Triple": 1.111120066001683},
       "O": {"Aromatic": 1.4059455918478592,
             "Double": 1.225529121229174,
             "Single": 1.4008910750330579}}}